Bait,Prey,PreyGene,Spec,SpecSum,AvgSpec,NumReplicates,ctrlCounts,AvgP,MaxP,TopoAvgP,TopoMaxP,SaintScore,logOddsScore,FoldChange,BFDR,boosted_by
XPWP1,HIST1H4A,HIST1H4A,0|1,1,0.5,2,7|7,0.0,0.0,0.0,0.0,0.0,-32.65,0.07,0.73,
XPWP1,HSPA5,HSPA5,0|3,3,1.5,2,29|31,0.0,0.0,0.0,0.0,0.0,-135.43,0.05,0.73,
XPWP1,NELFA,NELFA,1|0,1,0.5,2,6|13,0.0,0.0,0.0,0.0,0.0,-43.42,0.05,0.73,
XPWP1,HSPA8,HSPA8,5|13,18,9.0,2,44|51,0.0,0.0,0.0,0.0,0.0,-192.41,0.19,0.73,
XPWP1,TCOF1,TCOF1,0|1,1,0.5,2,3|3,0.0,0.0,0.0,0.0,0.0,-15.06,0.17,0.73,
XPWP1,PPP2R2A,PPP2R2A,2|6,8,4.0,2,0|0,0.87,1.0,0.87,1.0,0.87,1.02,40.0,0.01,
XPWP1,ATXN2L,ATXN2L,2|3,5,2.5,2,53|47,0.0,0.0,0.0,0.0,0.0,-215.24,0.05,0.73,
XPWP1,SWAP70,SWAP70,1|4,5,2.5,2,32|40,0.0,0.0,0.0,0.0,0.0,-157.35,0.07,0.73,
XPWP1,CSDE1,CSDE1,4|13,17,8.5,2,49|50,0.0,0.0,0.0,0.0,0.0,-204.88,0.17,0.73,
XPWP1,TIPRL,TIPRL,2|7,9,4.5,2,31|30,0.0,0.0,0.0,0.0,0.0,-128.73,0.15,0.73,
XPWP1,TTN,TTN,1|0,1,0.5,2,1|0,0.0,0.0,0.0,0.0,0.0,-4.96,1.0,0.73,
XPWP1,FAM212A,FAM212A,1|0,1,0.5,2,1|0,0.0,0.0,0.0,0.0,0.0,-4.96,1.0,0.73,
XPWP1,GART,GART,0|2,2,1.0,2,18|16,0.0,0.0,0.0,0.0,0.0,-77.21,0.06,0.73,
XPWP1,HLCS,HLCS,0|3,3,1.5,2,5|6,0.0,0.0,0.0,0.0,0.0,-26.05,0.27,0.73,
XPWP1,SERBP1,SERBP1,7|12,19,9.5,2,38|49,0.0,0.0,0.0,0.0,0.0,-168.21,0.22,0.73,
XPWP1,ABHD14B,ABHD14B,1|1,2,1.0,2,4|3,0.0,0.0,0.0,0.0,0.0,-14.63,0.29,0.73,
XPWP1,SZT2,SZT2,0|1,1,0.5,2,4|4,0.0,0.0,0.0,0.0,0.0,-19.42,0.12,0.73,
XPWP1,RAB11FIP5,RAB11FIP5,1|1,2,1.0,2,40|24,0.0,0.0,0.0,0.0,0.0,-138.94,0.03,0.73,
XPWP1,EEF1A1,EEF1A1,22|28,50,25.0,2,38|48,0.0,0.0,0.0,0.0,0.0,-128.38,0.58,0.73,
XPWP1,MAGEA4,MAGEA4,4|3,7,3.5,2,9|8,0.0,0.0,0.0,0.0,0.0,-30.47,0.41,0.73,
XPWP1,NOLC1,NOLC1,0|1,1,0.5,2,8|9,0.0,0.0,0.0,0.0,0.0,-39.33,0.06,0.73,
XPWP1,FXR1,FXR1,0|1,1,0.5,2,15|11,0.0,0.0,0.0,0.0,0.0,-59.34,0.04,0.73,
XPWP1,PNN,PNN,0|2,2,1.0,2,16|16,0.0,0.0,0.0,0.0,0.0,-72.74,0.06,0.73,
XPWP1,COPG2,COPG2,3|11,14,7.0,2,93|73,0.0,0.0,0.0,0.0,0.0,-357.41,0.08,0.73,
XPWP1,UQCRC1,UQCRC1,1|3,4,2.0,2,1|0,0.17,0.34,0.17,0.34,0.17,-3.35,4.0,0.41,
XPWP1,FAM135A,FAM135A,1|0,1,0.5,2,2|3,0.0,0.0,0.0,0.0,0.0,-12.97,0.2,0.73,
XPWP1,DPYSL4,DPYSL4,0|2,2,1.0,2,18|12,0.0,0.0,0.0,0.0,0.0,-68.29,0.07,0.73,
XPWP1,DPYSL2,DPYSL2,4|9,13,6.5,2,47|45,0.0,0.0,0.0,0.0,0.0,-189.46,0.14,0.73,
XPWP1,DPYSL3,DPYSL3,0|2,2,1.0,2,37|29,0.0,0.0,0.0,0.0,0.0,-148.88,0.03,0.73,
XPWP1,EPS8L2,EPS8L2,1|2,3,1.5,2,9|10,0.0,0.0,0.0,0.0,0.0,-40.11,0.16,0.73,
XPWP1,PFN2,PFN2,3|9,12,6.0,2,2|2,0.42,0.84,0.42,0.84,0.42,-5.77,3.0,0.34,
XPWP1,ATP5A1,ATP5A1,1|2,3,1.5,2,3|3,0.0,0.0,0.0,0.0,0.0,-12.55,0.5,0.73,
XPWP1,ECD,ECD,0|2,2,1.0,2,18|19,0.0,0.0,0.0,0.0,0.0,-83.93,0.05,0.73,
XPWP1,FAM21A,FAM21A,1|3,4,2.0,2,66|68,0.0,0.0,0.0,0.0,0.0,-295.92,0.03,0.73,
XPWP1,TRIO,TRIO,0|1,1,0.5,2,25|31,0.0,0.0,0.0,0.0,0.0,-126.46,0.02,0.73,
XPWP1,MTMR14,MTMR14,3|0,3,1.5,2,4|1,0.0,0.0,0.0,0.0,0.0,-12.83,0.6,0.64,
XPWP1,TJP1,TJP1,0|1,1,0.5,2,93|100,0.0,0.0,0.0,0.0,0.0,-434.1,0.01,0.73,
XPWP1,TCP1,TCP1,20|29,49,24.5,2,16|11,0.0,0.0,0.0,0.0,0.0,-21.85,1.81,0.68,
XPWP1,SH3PXD2B,SH3PXD2B,5|7,12,6.0,2,57|72,0.0,0.0,0.0,0.0,0.0,-267.06,0.09,0.73,
XPWP1,KTN1,KTN1,0|2,2,1.0,2,10|14,0.0,0.0,0.0,0.0,0.0,-54.88,0.08,0.73,
XPWP1,PRDX6,PRDX6,2|7,9,4.5,2,11|12,0.0,0.0,0.0,0.0,0.0,-45.67,0.39,0.73,
XPWP1,PRDX3,PRDX3,2|6,8,4.0,2,3|2,0.02,0.03,0.02,0.03,0.02,-9.01,1.6,0.57,
XPWP1,PRDX2,PRDX2,3|4,7,3.5,2,0|0,0.97,0.99,0.97,0.99,0.97,2.87,35.0,0.0,
XPWP1,PRDX1,PRDX1,23|32,55,27.5,2,25|30,0.0,0.0,0.0,0.0,0.0,-66.91,1.0,0.7,
XPWP1,CCT6A,CCT6A,1|2,3,1.5,2,5|4,0.0,0.0,0.0,0.0,0.0,-18.75,0.33,0.73,
XPWP1,PAPOLB,PAPOLB,0|1,1,0.5,2,2|1,0.0,0.0,0.0,0.0,0.0,-8.76,0.33,0.73,
XPWP1,TUFM,TUFM,0|5,5,2.5,2,2|3,0.0,0.01,0.0,0.01,0.0,-12.97,1.0,0.6,
XPWP1,TXNDC5,TXNDC5,0|3,3,1.5,2,0|0,0.47,0.95,0.47,0.95,0.47,-3.52,15.0,0.23,
XPWP1,DCD,DCD,0|2,2,1.0,2,0|0,0.37,0.74,0.37,0.74,0.37,-3.52,10.0,0.35,
XPWP1,CACNA1D,CACNA1D,1|0,1,0.5,2,5|8,0.0,0.0,0.0,0.0,0.0,-30.47,0.08,0.73,
XPWP1,SLC25A3,SLC25A3,1|1,2,1.0,2,2|2,0.0,0.0,0.0,0.0,0.0,-8.65,0.5,0.73,
XPWP1,TRIM25,TRIM25,2|3,5,2.5,2,28|23,0.0,0.0,0.0,0.0,0.0,-106.67,0.1,0.73,
XPWP1,SLC25A5,SLC25A5,7|11,18,9.0,2,22|21,0.0,0.0,0.0,0.0,0.0,-74.53,0.42,0.73,
XPWP1,UTRN,UTRN,1|3,4,2.0,2,87|96,0.0,0.0,0.0,0.0,0.0,-405.71,0.02,0.73,
XPWP1,GAPDH,GAPDH,0|3,3,1.5,2,3|6,0.0,0.0,0.0,0.0,0.0,-21.66,0.33,0.73,
XPWP1,ABCF1,ABCF1,0|1,1,0.5,2,15|15,0.0,0.0,0.0,0.0,0.0,-68.27,0.03,0.73,
XPWP1,RAPH1,RAPH1,0|2,2,1.0,2,25|26,0.0,0.0,0.0,0.0,0.0,-115.27,0.04,0.73,
XPWP1,KPRP,KPRP,0|5,5,2.5,2,0|0,0.5,1.0,0.5,1.0,0.5,-3.52,25.0,0.12,
XPWP1,BAG3,BAG3,0|1,1,0.5,2,30|33,0.0,0.0,0.0,0.0,0.0,-142.16,0.02,0.73,
XPWP1,MSRB3,MSRB3,1|3,4,2.0,2,3|1,0.0,0.0,0.0,0.0,0.0,-8.65,1.0,0.63,
XPWP1,RPS6,RPS6,0|1,1,0.5,2,2|4,0.0,0.0,0.0,0.0,0.0,-15.06,0.17,0.73,
XPWP1,RPS3,RPS3,0|1,1,0.5,2,2|1,0.0,0.0,0.0,0.0,0.0,-8.76,0.33,0.73,
XPWP1,VDAC1,VDAC1,1|1,2,1.0,2,0|1,0.0,0.0,0.0,0.0,0.0,-3.35,2.0,0.73,
XPWP1,CHMP5,CHMP5,0|2,2,1.0,2,11|10,0.0,0.0,0.0,0.0,0.0,-48.22,0.1,0.73,
XPWP1,RPS8,RPS8,1|2,3,1.5,2,6|6,0.0,0.0,0.0,0.0,0.0,-25.03,0.25,0.73,
XPWP1,CTPS1,CTPS1,0|4,4,2.0,2,31|38,0.0,0.0,0.0,0.0,0.0,-155.62,0.06,0.73,
XPWP1,DSG1,DSG1,0|3,3,1.5,2,1|0,0.17,0.34,0.17,0.34,0.17,-4.96,3.0,0.41,
XPWP1,LGALS1,LGALS1,4|6,10,5.0,2,1|1,0.5,0.76,0.5,0.76,0.5,-1.17,5.0,0.16,
XPWP1,HN1,HN1,0|1,1,0.5,2,11|15,0.0,0.0,0.0,0.0,0.0,-59.34,0.04,0.73,
XPWP1,VARS,VARS,1|2,3,1.5,2,36|33,0.0,0.0,0.0,0.0,0.0,-150.67,0.04,0.73,
XPWP1,KIAA1524,KIAA1524,3|3,6,3.0,2,40|47,0.0,0.0,0.0,0.0,0.0,-182.26,0.07,0.73,
XPWP1,LPGAT1,LPGAT1,0|1,1,0.5,2,1|0,0.0,0.0,0.0,0.0,0.0,-4.96,1.0,0.73,
XPWP1,NAP1L1,NAP1L1,6|5,11,5.5,2,13|17,0.0,0.0,0.0,0.0,0.0,-52.47,0.37,0.73,
XPWP1,RPL27,RPL27,1|7,8,4.0,2,3|5,0.0,0.0,0.0,0.0,0.0,-16.63,1.0,0.64,
XPWP1,NAP1L4,NAP1L4,4|11,15,7.5,2,17|21,0.0,0.0,0.0,0.0,0.0,-71.93,0.39,0.73,
XPWP1,RPL23,RPL23,1|3,4,2.0,2,1|1,0.04,0.09,0.04,0.09,0.04,-5.15,2.0,0.56,
XPWP1,PLIN3,PLIN3,2|9,11,5.5,2,50|47,0.0,0.0,0.0,0.0,0.0,-208.57,0.11,0.73,
XPWP1,ZYX,ZYX,0|1,1,0.5,2,31|36,0.0,0.0,0.0,0.0,0.0,-151.13,0.01,0.73,
XPWP1,CIAPIN1,CIAPIN1,0|2,2,1.0,2,30|26,0.0,0.0,0.0,0.0,0.0,-126.46,0.04,0.73,
XPWP1,HSP90AB1,HSP90AB1,20|20,40,20.0,2,58|47,0.0,0.0,0.0,0.0,0.0,-171.32,0.38,0.73,
XPWP1,ARHGAP29,ARHGAP29,0|2,2,1.0,2,20|31,0.0,0.0,0.0,0.0,0.0,-114.95,0.04,0.73,
XPWP1,UBR1,UBR1,1|0,1,0.5,2,0|2,0.0,0.0,0.0,0.0,0.0,-6.31,0.5,0.73,
XPWP1,EIF4G3,EIF4G3,0|1,1,0.5,2,22|16,0.0,0.0,0.0,0.0,0.0,-86.16,0.03,0.73,
XPWP1,EEF1G,EEF1G,0|2,2,1.0,2,7|7,0.0,0.0,0.0,0.0,0.0,-32.65,0.14,0.73,
XPWP1,EEF1D,EEF1D,5|12,17,8.5,2,40|45,0.0,0.0,0.0,0.0,0.0,-170.52,0.2,0.73,
XPWP1,RPL8,RPL8,0|2,2,1.0,2,2|2,0.0,0.0,0.0,0.0,0.0,-10.75,0.5,0.73,
XPWP1,RPL4,RPL4,0|4,4,2.0,2,7|7,0.0,0.0,0.0,0.0,0.0,-32.65,0.29,0.73,
XPWP1,RPL3,RPL3,0|1,1,0.5,2,0|1,0.0,0.0,0.0,0.0,0.0,-4.96,1.0,0.73,
XPWP1,FEN1,FEN1,0|1,1,0.5,2,14|16,0.0,0.0,0.0,0.0,0.0,-68.27,0.03,0.73,
XPWP1,TTC3,TTC3,0|1,1,0.5,2,1|0,0.0,0.0,0.0,0.0,0.0,-4.96,1.0,0.73,
XPWP1,PBK,PBK,0|1,1,0.5,2,13|11,0.0,0.0,0.0,0.0,0.0,-54.88,0.04,0.73,
XPWP1,ASCC3,ASCC3,0|1,1,0.5,2,5|4,0.0,0.0,0.0,0.0,0.0,-21.66,0.11,0.73,
XPWP1,RPL6,RPL6,0|7,7,3.5,2,9|7,0.0,0.0,0.0,0.0,0.0,-37.08,0.44,0.73,
XPWP1,FHOD1,FHOD1,0|1,1,0.5,2,37|36,0.0,0.0,0.0,0.0,0.0,-164.59,0.01,0.73,
XPWP1,HIST1H2AG,HIST1H2AG,1|4,5,2.5,2,3|4,0.0,0.0,0.0,0.0,0.0,-14.63,0.71,0.67,
XPWP1,VPS13C,VPS13C,2|2,4,2.0,2,0|1,0.12,0.12,0.12,0.12,0.12,-2.02,4.0,0.45,
XPWP1,PGRMC2,PGRMC2,2|1,3,1.5,2,10|16,0.0,0.0,0.0,0.0,0.0,-55.32,0.12,0.73,
XPWP1,RPL31,RPL31,0|1,1,0.5,2,2|2,0.0,0.0,0.0,0.0,0.0,-10.75,0.25,0.73,
XPWP1,PCCA,PCCA,176|205,381,190.5,2,135|134,0.0,0.0,0.0,0.0,0.0,-222.84,1.42,0.71,
XPWP1,DBN1,DBN1,0|1,1,0.5,2,40|44,0.0,0.0,0.0,0.0,0.0,-189.26,0.01,0.73,
XPWP1,DLG5,DLG5,1|3,4,2.0,2,29|38,0.0,0.0,0.0,0.0,0.0,-146.23,0.06,0.73,
XPWP1,AKAP2,AKAP2,0|3,3,1.5,2,68|83,0.0,0.0,0.0,0.0,0.0,-339.63,0.02,0.73,
XPWP1,EIF2A,EIF2A,0|8,8,4.0,2,39|43,0.0,0.0,0.0,0.0,0.0,-184.77,0.1,0.73,
XPWP1,CAPZB,CAPZB,0|5,5,2.5,2,12|10,0.0,0.0,0.0,0.0,0.0,-50.43,0.23,0.73,
XPWP1,STIP1,STIP1,0|2,2,1.0,2,25|28,0.0,0.0,0.0,0.0,0.0,-119.75,0.04,0.73,
XPWP1,AHSA1,AHSA1,0|2,2,1.0,2,25|18,0.0,0.0,0.0,0.0,0.0,-97.39,0.05,0.73,
XPWP1,DST,DST,0|3,3,1.5,2,33|40,0.0,0.0,0.0,0.0,0.0,-164.59,0.04,0.73,
XPWP1,DSP,DSP,2|12,14,7.0,2,0|1,0.56,1.0,0.56,1.0,0.56,-2.02,14.0,0.04,
XPWP1,PDAP1,PDAP1,1|4,5,2.5,2,15|17,0.0,0.0,0.0,0.0,0.0,-68.57,0.16,0.73,
XPWP1,PRKDC,PRKDC,1|3,4,2.0,2,89|79,0.0,0.0,0.0,0.0,0.0,-372.08,0.02,0.73,
XPWP1,EEF1A2,EEF1A2,1|1,2,1.0,2,10|9,0.0,0.0,0.0,0.0,0.0,-40.11,0.11,0.73,
XPWP1,ZNF638,ZNF638,1|0,1,0.5,2,44|42,0.0,0.0,0.0,0.0,0.0,-193.75,0.01,0.73,
XPWP1,GEMIN5,GEMIN5,15|28,43,21.5,2,123|135,0.0,0.0,0.0,0.0,0.0,-514.11,0.17,0.73,
XPWP1,CTTN,CTTN,6|13,19,9.5,2,64|66,0.0,0.0,0.0,0.0,0.0,-265.64,0.15,0.73,
XPWP1,EIF4G2,EIF4G2,9|16,25,12.5,2,64|66,0.0,0.0,0.0,0.0,0.0,-255.12,0.19,0.73,
XPWP1,ERC1,ERC1,6|15,21,10.5,2,60|55,0.0,0.0,0.0,0.0,0.0,-232.69,0.18,0.73,
XPWP1,CTSB,CTSB,0|1,1,0.5,2,4|2,0.0,0.0,0.0,0.0,0.0,-15.06,0.17,0.73,
XPWP1,KIF18A,KIF18A,0|1,1,0.5,2,3|4,0.0,0.0,0.0,0.0,0.0,-17.29,0.14,0.73,
XPWP1,NCL,NCL,9|8,17,8.5,2,41|42,0.0,0.0,0.0,0.0,0.0,-156.56,0.2,0.73,
XPWP1,EIF3G,EIF3G,1|1,2,1.0,2,10|12,0.0,0.0,0.0,0.0,0.0,-46.62,0.09,0.73,
XPWP1,RARS,RARS,0|4,4,2.0,2,23|30,0.0,0.0,0.0,0.0,0.0,-119.75,0.08,0.73,
XPWP1,TPR,TPR,4|10,14,7.0,2,72|73,0.0,0.0,0.0,0.0,0.0,-306.67,0.1,0.73,
XPWP1,NMT1,NMT1,0|1,1,0.5,2,11|8,0.0,0.0,0.0,0.0,0.0,-43.77,0.05,0.73,
XPWP1,TXNDC12,TXNDC12,4|6,10,5.0,2,0|0,0.99,1.0,0.99,1.0,0.99,4.61,50.0,0.0,
XPWP1,VAT1,VAT1,1|0,1,0.5,2,1|5,0.0,0.0,0.0,0.0,0.0,-14.67,0.17,0.73,
XPWP1,CNN3,CNN3,3|4,7,3.5,2,22|29,0.0,0.0,0.0,0.0,0.0,-103.13,0.14,0.73,
XPWP1,KATNA1,KATNA1,1|0,1,0.5,2,3|3,0.0,0.0,0.0,0.0,0.0,-15.06,0.17,0.73,
XPWP1,SMPD4,SMPD4,0|1,1,0.5,2,0|1,0.0,0.0,0.0,0.0,0.0,-4.96,1.0,0.73,
XPWP1,ATR,ATR,1|0,1,0.5,2,1|0,0.0,0.0,0.0,0.0,0.0,-4.96,1.0,0.73,
XPWP1,ERCC6L,ERCC6L,1|0,1,0.5,2,16|14,0.0,0.0,0.0,0.0,0.0,-68.27,0.03,0.73,
XPWP1,H1F0,H1F0,0|1,1,0.5,2,2|1,0.0,0.0,0.0,0.0,0.0,-8.76,0.33,0.73,
XPWP1,HNRNPA1,HNRNPA1,0|1,1,0.5,2,21|18,0.0,0.0,0.0,0.0,0.0,-88.4,0.03,0.73,
XPWP1,ENO1,ENO1,0|3,3,1.5,2,22|19,0.0,0.0,0.0,0.0,0.0,-92.88,0.07,0.73,
XPWP1,EPB41,EPB41,0|1,1,0.5,2,50|48,0.0,0.0,0.0,0.0,0.0,-220.69,0.01,0.73,
XPWP1,NANP,NANP,0|1,1,0.5,2,8|12,0.0,0.0,0.0,0.0,0.0,-45.97,0.05,0.73,
XPWP1,EPRS,EPRS,8|13,21,10.5,2,54|56,0.0,0.0,0.0,0.0,0.0,-214.92,0.19,0.73,
XPWP1,TANC1,TANC1,0|1,1,0.5,2,19|16,0.0,0.0,0.0,0.0,0.0,-79.46,0.03,0.73,
XPWP1,LMNA,LMNA,1|0,1,0.5,2,7|6,0.0,0.0,0.0,0.0,0.0,-30.47,0.08,0.73,
XPWP1,SCRIB,SCRIB,0|2,2,1.0,2,60|58,0.0,0.0,0.0,0.0,0.0,-265.59,0.02,0.73,
XPWP1,PPP4R1,PPP4R1,1|4,5,2.5,2,1|0,0.34,0.67,0.34,0.67,0.34,-3.35,5.0,0.39,
XPWP1,NUP214,NUP214,0|6,6,3.0,2,61|66,0.0,0.0,0.0,0.0,0.0,-285.81,0.05,0.73,
XPWP1,SHC1,SHC1,1|1,2,1.0,2,8|9,0.0,0.0,0.0,0.0,0.0,-35.78,0.12,0.73,
XPWP1,RPL15,RPL15,2|2,4,2.0,2,4|2,0.0,0.0,0.0,0.0,0.0,-10.73,0.67,0.73,
XPWP1,RPL10,RPL10,3|3,6,3.0,2,4|3,0.0,0.0,0.0,0.0,0.0,-11.07,0.86,0.73,
XPWP1,RPL13,RPL13,1|4,5,2.5,2,3|4,0.0,0.0,0.0,0.0,0.0,-14.63,0.71,0.67,
XPWP1,RPL18,RPL18,0|2,2,1.0,2,1|2,0.0,0.0,0.0,0.0,0.0,-8.76,0.67,0.61,
XPWP1,INPP5F,INPP5F,0|1,1,0.5,2,28|25,0.0,0.0,0.0,0.0,0.0,-119.75,0.02,0.73,
XPWP1,PES1,PES1,3|4,7,3.5,2,22|21,0.0,0.0,0.0,0.0,0.0,-85.72,0.16,0.73,
XPWP1,AHNAK,AHNAK,524|695,1219,609.5,2,1303|1287,0.0,0.0,0.0,0.0,0.0,,0.47,0.73,
XPWP1,MAP1B,MAP1B,1|4,5,2.5,2,47|49,0.0,0.0,0.0,0.0,0.0,-210.92,0.05,0.73,
XPWP1,SFPQ,SFPQ,0|1,1,0.5,2,28|36,0.0,0.0,0.0,0.0,0.0,-144.4,0.02,0.73,
XPWP1,PWP1,PWP1,70|73,143,71.5,2,0|0,1.0,1.0,1.0,1.0,1.0,101.18,715.0,0.0,
XPWP1,UBE2O,UBE2O,1|2,3,1.5,2,42|45,0.0,0.0,0.0,0.0,0.0,-190.82,0.03,0.73,
XPWP1,RPL18A,RPL18A,0|1,1,0.5,2,2|2,0.0,0.0,0.0,0.0,0.0,-10.75,0.25,0.73,
XPWP1,RPS15A,RPS15A,0|1,1,0.5,2,1|1,0.0,0.0,0.0,0.0,0.0,-6.55,0.5,0.73,
XPWP1,VCPIP1,VCPIP1,7|16,23,11.5,2,107|100,0.0,0.0,0.0,0.0,0.0,-431.78,0.11,0.73,
XPWP1,ZC3HAV1L,ZC3HAV1L,1|3,4,2.0,2,0|0,0.47,0.95,0.47,0.95,0.47,-1.01,20.0,0.23,
XPWP1,IL18,IL18,1|1,2,1.0,2,1|1,0.0,0.0,0.0,0.0,0.0,-5.15,1.0,0.73,
XPWP1,DFNA5,DFNA5,2|2,4,2.0,2,20|23,0.0,0.0,0.0,0.0,0.0,-89.1,0.09,0.73,
XPWP1,PALLD,PALLD,0|4,4,2.0,2,25|26,0.0,0.0,0.0,0.0,0.0,-115.27,0.08,0.73,
XPWP1,EFHD2,EFHD2,9|9,18,9.0,2,48|34,0.0,0.0,0.0,0.0,0.0,-151.15,0.22,0.73,
XPWP1,TTF2,TTF2,0|4,4,2.0,2,29|23,0.0,0.0,0.0,0.0,0.0,-117.5,0.08,0.73,
XPWP1,EIF5,EIF5,16|14,30,15.0,2,47|37,0.0,0.0,0.0,0.0,0.0,-142.39,0.36,0.73,
XPWP1,HIST2H2BF,HIST2H2BF,0|3,3,1.5,2,7|7,0.0,0.0,0.0,0.0,0.0,-32.65,0.21,0.73,
XPWP1,ANKRD17,ANKRD17,2|8,10,5.0,2,56|55,0.0,0.0,0.0,0.0,0.0,-239.73,0.09,0.73,
XPWP1,TLN1,TLN1,23|42,65,32.5,2,217|224,0.0,0.0,0.0,0.0,0.0,,0.15,0.73,
XPWP1,NT5C2,NT5C2,2|0,2,1.0,2,1|2,0.0,0.0,0.0,0.0,0.0,-8.76,0.67,0.61,
XPWP1,PCNA,PCNA,1|3,4,2.0,2,1|2,0.01,0.02,0.01,0.02,0.01,-6.95,1.33,0.59,
XPWP1,ANXA2,ANXA2,29|47,76,38.0,2,82|79,0.0,0.0,0.0,0.0,0.0,-265.25,0.47,0.73,
XPWP1,MCM3,MCM3,0|1,1,0.5,2,3|4,0.0,0.0,0.0,0.0,0.0,-17.29,0.14,0.73,
XPWP1,RREB1,RREB1,1|0,1,0.5,2,2|3,0.0,0.0,0.0,0.0,0.0,-12.97,0.2,0.73,
XPWP1,DDX3X,DDX3X,3|8,11,5.5,2,42|36,0.0,0.0,0.0,0.0,0.0,-162.38,0.14,0.73,
XPWP1,SAFB,SAFB,1|1,2,1.0,2,16|15,0.0,0.0,0.0,0.0,0.0,-66.38,0.06,0.73,
XPWP1,RANGAP1,RANGAP1,9|10,19,9.5,2,46|52,0.0,0.0,0.0,0.0,0.0,-185.79,0.19,0.73,
XPWP1,FBXL4,FBXL4,1|0,1,0.5,2,0|1,0.0,0.0,0.0,0.0,0.0,-4.96,1.0,0.73,
XPWP1,DDX5,DDX5,2|3,5,2.5,2,28|23,0.0,0.0,0.0,0.0,0.0,-106.67,0.1,0.73,
XPWP1,STMN1,STMN1,1|3,4,2.0,2,14|19,0.0,0.0,0.0,0.0,0.0,-70.78,0.12,0.73,
XPWP1,HAUS6,HAUS6,0|1,1,0.5,2,25|26,0.0,0.0,0.0,0.0,0.0,-115.27,0.02,0.73,
XPWP1,NACA,NACA,1|0,1,0.5,2,9|8,0.0,0.0,0.0,0.0,0.0,-39.33,0.06,0.73,
XPWP1,CXORF67,CXORF67,0|2,2,1.0,2,1|3,0.0,0.0,0.0,0.0,0.0,-10.75,0.5,0.73,
XPWP1,MISP,MISP,0|1,1,0.5,2,14|13,0.0,0.0,0.0,0.0,0.0,-61.59,0.04,0.73,
XPWP1,TOX4,TOX4,0|1,1,0.5,2,28|27,0.0,0.0,0.0,0.0,0.0,-124.23,0.02,0.73,
XPWP1,IPO7,IPO7,1|4,5,2.5,2,22|20,0.0,0.0,0.0,0.0,0.0,-90.66,0.12,0.73,
XPWP1,GCN1L1,GCN1L1,8|32,40,20.0,2,124|141,0.0,0.0,0.0,0.0,0.0,-556.27,0.15,0.73,
XPWP1,CSE1L,CSE1L,0|1,1,0.5,2,17|16,0.0,0.0,0.0,0.0,0.0,-74.99,0.03,0.73,
XPWP1,HSPA1A,HSPA1A,1|1,2,1.0,2,17|19,0.0,0.0,0.0,0.0,0.0,-77.39,0.06,0.73,
XPWP1,HCFC1,HCFC1,1|6,7,3.5,2,70|66,0.0,0.0,0.0,0.0,0.0,-300.4,0.05,0.73,
XPWP1,CPNE3,CPNE3,0|1,1,0.5,2,9|10,0.0,0.0,0.0,0.0,0.0,-43.77,0.05,0.73,
XPWP1,PXN,PXN,4|3,7,3.5,2,27|33,0.0,0.0,0.0,0.0,0.0,-122.8,0.12,0.73,
XPWP1,SNRPN,SNRPN,4|1,5,2.5,2,3|3,0.0,0.0,0.0,0.0,0.0,-12.55,0.83,0.66,
XPWP1,USP14,USP14,0|2,2,1.0,2,26|20,0.0,0.0,0.0,0.0,0.0,-104.06,0.04,0.73,
XPWP1,USP15,USP15,3|6,9,4.5,2,90|80,0.0,0.0,0.0,0.0,0.0,-366.66,0.05,0.73,
XPWP1,NPM1,NPM1,15|18,33,16.5,2,38|41,0.0,0.0,0.0,0.0,0.0,-129.62,0.42,0.73,
XPWP1,NPM3,NPM3,0|1,1,0.5,2,1|0,0.0,0.0,0.0,0.0,0.0,-4.96,1.0,0.73,
XPWP1,SBNO1,SBNO1,0|1,1,0.5,2,10|16,0.0,0.0,0.0,0.0,0.0,-59.29,0.04,0.73,
XPWP1,UNC45A,UNC45A,0|3,3,1.5,2,37|36,0.0,0.0,0.0,0.0,0.0,-164.59,0.04,0.73,
XPWP1,AHNAK2,AHNAK2,50|117,167,83.5,2,360|359,0.0,0.0,0.0,0.0,0.0,,0.23,0.73,
XPWP1,SYNPO,SYNPO,1|4,5,2.5,2,32|35,0.0,0.0,0.0,0.0,0.0,-146.22,0.07,0.73,
XPWP1,CRKL,CRKL,6|9,15,7.5,2,36|42,0.0,0.0,0.0,0.0,0.0,-151.96,0.19,0.73,
XPWP1,ARPIN,ARPIN,1|2,3,1.5,2,12|12,0.0,0.0,0.0,0.0,0.0,-50.99,0.12,0.73,
XPWP1,ESPL1,ESPL1,0|1,1,0.5,2,1|0,0.0,0.0,0.0,0.0,0.0,-4.96,1.0,0.73,
XPWP1,LARP1,LARP1,0|1,1,0.5,2,28|30,0.0,0.0,0.0,0.0,0.0,-130.95,0.02,0.73,
XPWP1,DHX29,DHX29,2|7,9,4.5,2,41|40,0.0,0.0,0.0,0.0,0.0,-173.02,0.11,0.73,
XPWP1,RPL7A,RPL7A,3|6,9,4.5,2,1|1,0.42,0.76,0.42,0.76,0.42,-2.38,4.5,0.33,
XPWP1,SRP68,SRP68,6|19,25,12.5,2,57|48,0.0,0.0,0.0,0.0,0.0,-210.78,0.24,0.73,
XPWP1,PAICS,PAICS,1|2,3,1.5,2,29|28,0.0,0.0,0.0,0.0,0.0,-123.96,0.05,0.73,
XPWP1,NF2,NF2,2|0,2,1.0,2,6|9,0.0,0.0,0.0,0.0,0.0,-34.89,0.13,0.73,
XPWP1,MYH14,MYH14,0|2,2,1.0,2,4|7,0.0,0.0,0.0,0.0,0.0,-26.05,0.18,0.73,
XPWP1,SRGAP1,SRGAP1,1|0,1,0.5,2,3|1,0.0,0.0,0.0,0.0,0.0,-10.75,0.25,0.73,
XPWP1,AKAP12,AKAP12,0|2,2,1.0,2,21|27,0.0,0.0,0.0,0.0,0.0,-108.54,0.04,0.73,
XPWP1,S100A9,S100A9,0|3,3,1.5,2,0|0,0.47,0.95,0.47,0.95,0.47,-3.52,15.0,0.23,
XPWP1,S100A8,S100A8,1|3,4,2.0,2,0|0,0.47,0.95,0.47,0.95,0.47,-1.01,20.0,0.23,
XPWP1,S100A7,S100A7,0|2,2,1.0,2,0|0,0.37,0.74,0.37,0.74,0.37,-3.52,10.0,0.35,
XPWP1,NASP,NASP,0|2,2,1.0,2,51|60,0.0,0.0,0.0,0.0,0.0,-249.88,0.02,0.73,
XPWP1,TNKS1BP1,TNKS1BP1,0|1,1,0.5,2,32|48,0.0,0.0,0.0,0.0,0.0,-179.81,0.01,0.73,
XPWP1,LASP1,LASP1,1|1,2,1.0,2,17|20,0.0,0.0,0.0,0.0,0.0,-79.61,0.05,0.73,
XPWP1,RPL23A,RPL23A,0|3,3,1.5,2,2|3,0.0,0.0,0.0,0.0,0.0,-12.97,0.6,0.65,
XPWP1,NUDC,NUDC,6|13,19,9.5,2,32|27,0.0,0.0,0.0,0.0,0.0,-111.02,0.32,0.73,
XPWP1,ESYT1,ESYT1,0|4,4,2.0,2,62|70,0.0,0.0,0.0,0.0,0.0,-297.04,0.03,0.73,
XPWP1,PEA15,PEA15,0|1,1,0.5,2,6|15,0.0,0.0,0.0,0.0,0.0,-47.67,0.05,0.73,
XPWP1,ANK3,ANK3,0|2,2,1.0,2,0|1,0.06,0.12,0.06,0.12,0.06,-4.96,2.0,0.51,
XPWP1,EEF2,EEF2,1|5,6,3.0,2,39|38,0.0,0.0,0.0,0.0,0.0,-168.51,0.08,0.73,
XPWP1,SF1,SF1,0|1,1,0.5,2,38|34,0.0,0.0,0.0,0.0,0.0,-162.34,0.01,0.73,
XPWP1,STRAP,STRAP,2|4,6,3.0,2,29|25,0.0,0.0,0.0,0.0,0.0,-113.27,0.11,0.73,
XPWP1,CCDC43,CCDC43,0|1,1,0.5,2,7|11,0.0,0.0,0.0,0.0,0.0,-41.53,0.06,0.73,
XPWP1,PLEKHA5,PLEKHA5,0|7,7,3.5,2,2|2,0.18,0.35,0.18,0.35,0.18,-10.75,1.75,0.4,
XPWP1,ANXA1,ANXA1,0|3,3,1.5,2,27|26,0.0,0.0,0.0,0.0,0.0,-119.75,0.06,0.73,
XPWP1,ARFGAP3,ARFGAP3,1|1,2,1.0,2,15|19,0.0,0.0,0.0,0.0,0.0,-72.97,0.06,0.73,
XPWP1,ARFGAP1,ARFGAP1,1|2,3,1.5,2,34|43,0.0,0.0,0.0,0.0,0.0,-168.58,0.04,0.73,
XPWP1,ADAR,ADAR,2|4,6,3.0,2,40|48,0.0,0.0,0.0,0.0,0.0,-188.55,0.07,0.73,
XPWP1,NEK9,NEK9,0|1,1,0.5,2,24|30,0.0,0.0,0.0,0.0,0.0,-121.98,0.02,0.73,
XPWP1,TXNRD1,TXNRD1,1|0,1,0.5,2,14|10,0.0,0.0,0.0,0.0,0.0,-54.88,0.04,0.73,
XPWP1,ZNF185,ZNF185,5|10,15,7.5,2,28|31,0.0,0.0,0.0,0.0,0.0,-114.03,0.25,0.73,
XPWP1,ALYREF,ALYREF,0|1,1,0.5,2,2|4,0.0,0.0,0.0,0.0,0.0,-15.06,0.17,0.73,
XPWP1,CCDC6,CCDC6,1|1,2,1.0,2,4|4,0.0,0.0,0.0,0.0,0.0,-16.63,0.25,0.73,
XPWP1,DNAH3,DNAH3,2|1,3,1.5,2,1|0,0.06,0.12,0.06,0.12,0.06,-3.35,3.0,0.51,
XPWP1,DNAH7,DNAH7,0|1,1,0.5,2,1|0,0.0,0.0,0.0,0.0,0.0,-4.96,1.0,0.73,
XPWP1,MTHFD1,MTHFD1,11|24,35,17.5,2,15|21,0.0,0.0,0.0,0.0,0.0,-51.81,0.97,0.7,
XPWP1,MRE11A,MRE11A,8|27,35,17.5,2,50|52,0.0,0.0,0.0,0.0,0.0,-197.56,0.34,0.73,
XPWP1,MYH9,MYH9,43|85,128,64.0,2,292|315,0.0,0.0,0.0,0.0,0.0,,0.21,0.73,
XPWP1,RANBP3,RANBP3,2|3,5,2.5,2,21|30,0.0,0.0,0.0,0.0,0.0,-106.55,0.1,0.73,
XPWP1,RANBP2,RANBP2,8|27,35,17.5,2,172|166,0.0,0.0,0.0,0.0,0.0,,0.1,0.73,
XPWP1,HN1L,HN1L,1|4,5,2.5,2,18|15,0.0,0.0,0.0,0.0,0.0,-70.78,0.15,0.73,
XPWP1,TMEM2,TMEM2,0|1,1,0.5,2,2|2,0.0,0.0,0.0,0.0,0.0,-10.75,0.25,0.73,
XPWP1,RSRC2,RSRC2,0|1,1,0.5,2,5|5,0.0,0.0,0.0,0.0,0.0,-23.81,0.1,0.73,
XPWP1,KEAP1,KEAP1,2|4,6,3.0,2,4|4,0.0,0.0,0.0,0.0,0.0,-14.52,0.75,0.73,
XPWP1,RPS3A,RPS3A,3|2,5,2.5,2,17|19,0.0,0.0,0.0,0.0,0.0,-73.79,0.14,0.73,
XPWP1,POLA1,POLA1,0|1,1,0.5,2,2|3,0.0,0.0,0.0,0.0,0.0,-12.97,0.2,0.73,
XPWP1,YWHAB,YWHAB,0|1,1,0.5,2,8|6,0.0,0.0,0.0,0.0,0.0,-32.65,0.07,0.73,
XPWP1,GLRX,GLRX,0|3,3,1.5,2,0|0,0.47,0.95,0.47,0.95,0.47,-3.52,15.0,0.23,
XPWP1,CALD1,CALD1,5|4,9,4.5,2,41|33,0.0,0.0,0.0,0.0,0.0,-149.94,0.12,0.73,
XPWP1,BOLA2,BOLA2,0|4,4,2.0,2,1|3,0.01,0.01,0.01,0.01,0.01,-10.75,1.0,0.6,
XPWP1,PCCB,PCCB,1|11,12,6.0,2,1|0,0.5,1.0,0.5,1.0,0.5,-3.35,12.0,0.08,
XPWP1,CLINT1,CLINT1,2|2,4,2.0,2,33|29,0.0,0.0,0.0,0.0,0.0,-130.93,0.06,0.73,
XPWP1,WNK2,WNK2,2|0,2,1.0,2,1|0,0.06,0.12,0.06,0.12,0.06,-4.96,2.0,0.51,
XPWP1,LRRC7,LRRC7,0|1,1,0.5,2,0|1,0.0,0.0,0.0,0.0,0.0,-4.96,1.0,0.73,
XPWP1,ACOT1,ACOT1,4|5,9,4.5,2,32|32,0.0,0.0,0.0,0.0,0.0,-128.09,0.14,0.73,
XPWP1,LIMA1,LIMA1,5|9,14,7.0,2,53|53,0.0,0.0,0.0,0.0,0.0,-216.55,0.13,0.73,
XPWP1,RNF213,RNF213,0|2,2,1.0,2,4|4,0.0,0.0,0.0,0.0,0.0,-19.42,0.25,0.73,
XPWP1,DOCK7,DOCK7,1|0,1,0.5,2,23|27,0.0,0.0,0.0,0.0,0.0,-113.02,0.02,0.73,
XPWP1,HSPH1,HSPH1,0|4,4,2.0,2,38|47,0.0,0.0,0.0,0.0,0.0,-191.51,0.05,0.73,
XPWP1,UBAP2L,UBAP2L,1|1,2,1.0,2,32|34,0.0,0.0,0.0,0.0,0.0,-143.98,0.03,0.73,
XPWP1,JUP,JUP,0|3,3,1.5,2,4|7,0.0,0.0,0.0,0.0,0.0,-26.05,0.27,0.73,
XPWP1,RBM39,RBM39,0|2,2,1.0,2,3|3,0.0,0.0,0.0,0.0,0.0,-15.06,0.33,0.73,
XPWP1,EPHB2,EPHB2,0|1,1,0.5,2,2|1,0.0,0.0,0.0,0.0,0.0,-8.76,0.33,0.73,
XPWP1,GSPT1,GSPT1,0|2,2,1.0,2,8|8,0.0,0.0,0.0,0.0,0.0,-37.08,0.12,0.73,
XPWP1,RPS26,RPS26,0|1,1,0.5,2,1|1,0.0,0.0,0.0,0.0,0.0,-6.55,0.5,0.73,
XPWP1,RPS27,RPS27,0|1,1,0.5,2,0|1,0.0,0.0,0.0,0.0,0.0,-4.96,1.0,0.73,
XPWP1,ACACA,ACACA,332|320,652,326.0,2,169|182,0.0,0.0,0.0,0.0,0.0,-166.12,1.86,0.71,
XPWP1,RPS23,RPS23,0|1,1,0.5,2,2|3,0.0,0.0,0.0,0.0,0.0,-12.97,0.2,0.73,
XPWP1,MYEF2,MYEF2,1|1,2,1.0,2,0|1,0.0,0.0,0.0,0.0,0.0,-3.35,2.0,0.73,
XPWP1,ACACB,ACACB,20|44,64,32.0,2,3|1,1.0,1.0,1.0,1.0,1.0,14.84,16.0,0.0,
XPWP1,RPS28,RPS28,0|2,2,1.0,2,0|0,0.37,0.74,0.37,0.74,0.37,-3.52,10.0,0.35,
XPWP1,PPIA,PPIA,3|7,10,5.0,2,6|6,0.0,0.0,0.0,0.0,0.0,-20.41,0.83,0.69,
XPWP1,CORO1B,CORO1B,21|20,41,20.5,2,60|60,0.0,0.0,0.0,0.0,0.0,-202.31,0.34,0.73,
XPWP1,CHORDC1,CHORDC1,1|3,4,2.0,2,22|18,0.0,0.0,0.0,0.0,0.0,-86.23,0.1,0.73,
XPWP1,SYNJ2,SYNJ2,1|5,6,3.0,2,32|32,0.0,0.0,0.0,0.0,0.0,-139.53,0.09,0.73,
XPWP1,A0A222,A0A222,83|83,166,83.0,2,1849|1860,0.0,0.0,0.0,0.0,0.0,,0.04,0.73,
XPWP1,PRRC2C,PRRC2C,0|9,9,4.5,2,79|70,0.0,0.0,0.0,0.0,0.0,-335.23,0.06,0.73,
XPWP1,SPAG5,SPAG5,0|1,1,0.5,2,27|28,0.0,0.0,0.0,0.0,0.0,-124.23,0.02,0.73,
XPWP1,MAGED2,MAGED2,0|1,1,0.5,2,23|19,0.0,0.0,0.0,0.0,0.0,-95.11,0.02,0.73,
XPWP1,UBC,UBC,1|1,2,1.0,2,6|9,0.0,0.0,0.0,0.0,0.0,-31.47,0.13,0.73,
XPWP1,ELP4,ELP4,2|2,4,2.0,2,22|28,0.0,0.0,0.0,0.0,0.0,-104.47,0.08,0.73,
XPWP1,CD2AP,CD2AP,19|32,51,25.5,2,104|113,0.0,0.0,0.0,0.0,0.0,-411.59,0.24,0.73,
XPWP1,CDV3,CDV3,0|2,2,1.0,2,16|15,0.0,0.0,0.0,0.0,0.0,-70.52,0.06,0.73,
XPWP1,PCBP2,PCBP2,0|2,2,1.0,2,15|16,0.0,0.0,0.0,0.0,0.0,-70.52,0.06,0.73,
XPWP1,PCBP1,PCBP1,3|13,16,8.0,2,36|32,0.0,0.0,0.0,0.0,0.0,-140.36,0.24,0.73,
XPWP1,NPEPPS,NPEPPS,1|1,2,1.0,2,1|2,0.0,0.0,0.0,0.0,0.0,-6.95,0.67,0.73,
XPWP1,XRN1,XRN1,15|32,47,23.5,2,82|87,0.0,0.0,0.0,0.0,0.0,-320.4,0.28,0.73,
XPWP1,PLEC,PLEC,2|2,4,2.0,2,77|87,0.0,0.0,0.0,0.0,0.0,-358.0,0.02,0.73,
XPWP1,PEX5,PEX5,0|1,1,0.5,2,12|8,0.0,0.0,0.0,0.0,0.0,-45.97,0.05,0.73,
XPWP1,IPO5,IPO5,97|93,190,95.0,2,1|0,1.0,1.0,1.0,1.0,1.0,128.16,190.0,0.0,
XPWP1,FAM91A1,FAM91A1,1|1,2,1.0,2,45|43,0.0,0.0,0.0,0.0,0.0,-193.05,0.02,0.73,
XPWP1,DYNC1H1,DYNC1H1,0|1,1,0.5,2,28|35,0.0,0.0,0.0,0.0,0.0,-142.16,0.02,0.73,
XPWP1,C11ORF49,C11ORF49,1|1,2,1.0,2,8|5,0.0,0.0,0.0,0.0,0.0,-27.19,0.15,0.73,
XPWP1,NES,NES,0|4,4,2.0,2,72|79,0.0,0.0,0.0,0.0,0.0,-339.72,0.03,0.73,
XPWP1,PFDN2,PFDN2,0|1,1,0.5,2,2|3,0.0,0.0,0.0,0.0,0.0,-12.97,0.2,0.73,
XPWP1,PFDN6,PFDN6,1|1,2,1.0,2,0|0,0.0,0.0,0.0,0.0,0.0,-1.01,10.0,0.73,
XPWP1,SYNE3,SYNE3,1|0,1,0.5,2,1|0,0.0,0.0,0.0,0.0,0.0,-4.96,1.0,0.73,
XPWP1,WWOX,WWOX,3|6,9,4.5,2,21|24,0.0,0.0,0.0,0.0,0.0,-90.06,0.2,0.73,
XPWP1,RPS16,RPS16,0|3,3,1.5,2,0|0,0.47,0.95,0.47,0.95,0.47,-3.52,15.0,0.23,
XPWP1,TXN,TXN,1|3,4,2.0,2,0|2,0.05,0.09,0.05,0.09,0.05,-4.91,2.0,0.55,
XPWP1,TXNL1,TXNL1,1|3,4,2.0,2,7|8,0.0,0.0,0.0,0.0,0.0,-31.47,0.27,0.73,
XPWP1,ACTN3,ACTN3,0|3,3,1.5,2,3|0,0.01,0.03,0.01,0.03,0.01,-8.48,1.0,0.58,
XPWP1,EZR,EZR,3|8,11,5.5,2,41|35,0.0,0.0,0.0,0.0,0.0,-157.98,0.14,0.73,
XPWP1,G3BP1,G3BP1,1|4,5,2.5,2,30|27,0.0,0.0,0.0,0.0,0.0,-123.96,0.09,0.73,
XPWP1,SRSF11,SRSF11,1|0,1,0.5,2,8|5,0.0,0.0,0.0,0.0,0.0,-30.47,0.08,0.73,
XPWP1,NOB1,NOB1,4|4,8,4.0,2,4|4,0.0,0.0,0.0,0.0,0.0,-11.37,1.0,0.73,
XPWP1,WIPI2,WIPI2,3|9,12,6.0,2,27|27,0.0,0.0,0.0,0.0,0.0,-109.67,0.22,0.73,
XPWP1,WIPI1,WIPI1,2|2,4,2.0,2,19|22,0.0,0.0,0.0,0.0,0.0,-84.72,0.1,0.73,
XPWP1,CSRP2,CSRP2,0|1,1,0.5,2,0|0,0.0,0.0,0.0,0.0,0.0,-3.52,5.0,0.73,
XPWP1,IFIT5,IFIT5,2|3,5,2.5,2,41|43,0.0,0.0,0.0,0.0,0.0,-179.67,0.06,0.73,
XPWP1,CCT8,CCT8,60|80,140,70.0,2,115|106,0.0,0.0,0.0,0.0,0.0,-318.41,0.63,0.73,
XPWP1,CCT2,CCT2,2|10,12,6.0,2,6|7,0.0,0.0,0.0,0.0,0.0,-24.6,0.92,0.69,
XPWP1,CCT5,CCT5,1|6,7,3.5,2,0|1,0.49,0.97,0.49,0.97,0.49,-3.35,7.0,0.21,
XPWP1,PDLIM4,PDLIM4,7|22,29,14.5,2,52|54,0.0,0.0,0.0,0.0,0.0,-209.53,0.27,0.73,
XPWP1,PDLIM5,PDLIM5,1|2,3,1.5,2,32|32,0.0,0.0,0.0,0.0,0.0,-139.53,0.05,0.73,
XPWP1,A0A2R8Y4D7,A0A2R8Y4D7,1|0,1,0.5,2,1|0,0.0,0.0,0.0,0.0,0.0,-4.96,1.0,0.73,
XPWP1,MCCC1,MCCC1,166|188,354,177.0,2,123|154,0.0,0.0,0.0,0.0,0.0,-251.65,1.28,0.72,
XPWP1,ZNRF3,ZNRF3,0|4,4,2.0,2,0|0,0.5,0.99,0.5,0.99,0.5,-3.52,20.0,0.19,
XPWP1,FLNA,FLNA,240|291,531,265.5,2,7|4,1.0,1.0,1.0,1.0,1.0,296.16,48.27,0.0,
XPWP1,FLNB,FLNB,2|2,4,2.0,2,90|91,0.0,0.0,0.0,0.0,0.0,-396.01,0.02,0.73,
XPWP1,FLNC,FLNC,4|16,20,10.0,2,122|111,0.0,0.0,0.0,0.0,0.0,-502.53,0.09,0.73,
XPWP1,EIF4A1,EIF4A1,3|7,10,5.0,2,13|12,0.0,0.0,0.0,0.0,0.0,-47.12,0.4,0.73,
XPWP1,KRT18,KRT18,10|18,28,14.0,2,65|74,0.0,0.0,0.0,0.0,0.0,-271.39,0.2,0.73,
XPWP1,RPL24,RPL24,1|3,4,2.0,2,5|6,0.0,0.0,0.0,0.0,0.0,-22.94,0.36,0.73,
XPWP1,GIGYF2,GIGYF2,10|18,28,14.0,2,55|62,0.0,0.0,0.0,0.0,0.0,-223.69,0.24,0.73,
XPWP1,RBM12,RBM12,0|1,1,0.5,2,13|16,0.0,0.0,0.0,0.0,0.0,-66.05,0.03,0.73,
XPWP1,SAP30BP,SAP30BP,0|1,1,0.5,2,19|23,0.0,0.0,0.0,0.0,0.0,-95.11,0.02,0.73,
XPWP1,RBM19,RBM19,0|1,1,0.5,2,4|4,0.0,0.0,0.0,0.0,0.0,-19.42,0.12,0.73,
XPWP1,PSMD8,PSMD8,0|1,1,0.5,2,18|18,0.0,0.0,0.0,0.0,0.0,-81.68,0.03,0.73,
XPWP1,CPSF3,CPSF3,0|3,3,1.5,2,25|30,0.0,0.0,0.0,0.0,0.0,-124.23,0.05,0.73,
XPWP1,RTN4,RTN4,0|4,4,2.0,2,15|19,0.0,0.0,0.0,0.0,0.0,-77.21,0.12,0.73,
XPWP1,RTN2,RTN2,1|0,1,0.5,2,2|1,0.0,0.0,0.0,0.0,0.0,-8.76,0.33,0.73,
XPWP1,RTN3,RTN3,1|2,3,1.5,2,10|18,0.0,0.0,0.0,0.0,0.0,-59.46,0.11,0.73,
XPWP1,NCK1,NCK1,0|1,1,0.5,2,18|23,0.0,0.0,0.0,0.0,0.0,-92.88,0.02,0.73,
XPWP1,HUWE1,HUWE1,1|0,1,0.5,2,24|27,0.0,0.0,0.0,0.0,0.0,-115.27,0.02,0.73,
XPWP1,TUBA3E,TUBA3E,1|2,3,1.5,2,3|3,0.0,0.0,0.0,0.0,0.0,-12.55,0.5,0.73,
XPWP1,CAD,CAD,0|1,1,0.5,2,9|8,0.0,0.0,0.0,0.0,0.0,-39.33,0.06,0.73,
XPWP1,LPP,LPP,1|0,1,0.5,2,21|22,0.0,0.0,0.0,0.0,0.0,-97.35,0.02,0.73,
XPWP1,VIM,VIM,2|11,13,6.5,2,81|84,0.0,0.0,0.0,0.0,0.0,-360.24,0.08,0.73,
XPWP1,PTPN11,PTPN11,0|2,2,1.0,2,28|20,0.0,0.0,0.0,0.0,0.0,-108.5,0.04,0.73,
XPWP1,SNX1,SNX1,7|18,25,12.5,2,45|47,0.0,0.0,0.0,0.0,0.0,-179.09,0.27,0.73,
XPWP1,MKL2,MKL2,45|46,91,45.5,2,87|94,0.0,0.0,0.0,0.0,0.0,-269.85,0.5,0.73,
XPWP1,PKM,PKM,6|16,22,11.0,2,38|39,0.0,0.0,0.0,0.0,0.0,-149.79,0.29,0.73,
XPWP1,EIF4H,EIF4H,0|1,1,0.5,2,8|6,0.0,0.0,0.0,0.0,0.0,-32.65,0.07,0.73,
XPWP1,EIF4B,EIF4B,2|6,8,4.0,2,35|36,0.0,0.0,0.0,0.0,0.0,-150.85,0.11,0.73,
XPWP1,CEP170,CEP170,0|1,1,0.5,2,46|47,0.0,0.0,0.0,0.0,0.0,-209.47,0.01,0.73,
XPWP1,TUBB,TUBB,22|44,66,33.0,2,46|43,0.0,0.0,0.0,0.0,0.0,-134.34,0.74,0.73,
XPWP1,HDAC5,HDAC5,0|1,1,0.5,2,10|11,0.0,0.0,0.0,0.0,0.0,-48.22,0.05,0.73,
XPWP1,PIWIL1,PIWIL1,1|0,1,0.5,2,0|0,0.0,0.0,0.0,0.0,0.0,-3.52,5.0,0.73,
XPWP1,OXSR1,OXSR1,1|0,1,0.5,2,3|4,0.0,0.0,0.0,0.0,0.0,-17.29,0.14,0.73,
XPWP1,PGAM1,PGAM1,1|1,2,1.0,2,13|15,0.0,0.0,0.0,0.0,0.0,-59.76,0.07,0.73,
XPWP1,HNRNPL,HNRNPL,1|5,6,3.0,2,13|16,0.0,0.0,0.0,0.0,0.0,-61.98,0.21,0.73,
XPWP1,DNMBP,DNMBP,3|2,5,2.5,2,69|74,0.0,0.0,0.0,0.0,0.0,-311.1,0.03,0.73,
XPWP1,SND1,SND1,0|1,1,0.5,2,30|33,0.0,0.0,0.0,0.0,0.0,-142.16,0.02,0.73,
XPWP1,DUT,DUT,0|1,1,0.5,2,4|4,0.0,0.0,0.0,0.0,0.0,-19.42,0.12,0.73,
XPWP1,KIF1A,KIF1A,2|2,4,2.0,2,0|1,0.12,0.12,0.12,0.12,0.12,-2.02,4.0,0.45,
XPWP1,USP8,USP8,1|1,2,1.0,2,1|4,0.0,0.0,0.0,0.0,0.0,-10.51,0.4,0.73,
XPWP1,USP5,USP5,0|2,2,1.0,2,11|13,0.0,0.0,0.0,0.0,0.0,-54.88,0.08,0.73,
XPWP1,AIM1L,AIM1L,1|0,1,0.5,2,1|1,0.0,0.0,0.0,0.0,0.0,-6.55,0.5,0.73,
XPWP1,FN3KRP,FN3KRP,2|4,6,3.0,2,0|0,0.86,0.99,0.86,0.99,0.86,1.02,30.0,0.02,
XPWP1,DVL2,DVL2,3|4,7,3.5,2,24|26,0.0,0.0,0.0,0.0,0.0,-100.94,0.14,0.73,
XPWP1,DVL3,DVL3,0|2,2,1.0,2,10|13,0.0,0.0,0.0,0.0,0.0,-52.67,0.09,0.73,
XPWP1,PFKL,PFKL,0|1,1,0.5,2,3|3,0.0,0.0,0.0,0.0,0.0,-15.06,0.17,0.73,
XPWP1,SLK,SLK,1|5,6,3.0,2,73|81,0.0,0.0,0.0,0.0,0.0,-340.71,0.04,0.73,
XPWP1,ZGRF1,ZGRF1,1|1,2,1.0,2,1|2,0.0,0.0,0.0,0.0,0.0,-6.95,0.67,0.73,
XPWP1,RAPGEF2,RAPGEF2,1|0,1,0.5,2,0|1,0.0,0.0,0.0,0.0,0.0,-4.96,1.0,0.73,
XPWP1,TAGLN2,TAGLN2,6|13,19,9.5,2,47|52,0.0,0.0,0.0,0.0,0.0,-197.66,0.19,0.73,
XPWP1,SNRPD1,SNRPD1,0|1,1,0.5,2,4|4,0.0,0.0,0.0,0.0,0.0,-19.42,0.12,0.73,
XPWP1,CNN2,CNN2,2|5,7,3.5,2,17|14,0.0,0.0,0.0,0.0,0.0,-62.92,0.23,0.73,
XPWP1,NCAPH,NCAPH,0|1,1,0.5,2,16|17,0.0,0.0,0.0,0.0,0.0,-74.99,0.03,0.73,
XPWP1,SHANK1,SHANK1,0|1,1,0.5,2,1|0,0.0,0.0,0.0,0.0,0.0,-4.96,1.0,0.73,
XPWP1,SEPTIN-9,SEPTIN-9,4|8,12,6.0,2,54|56,0.0,0.0,0.0,0.0,0.0,-229.16,0.11,0.73,
XPWP1,CRK,CRK,1|6,7,3.5,2,33|27,0.0,0.0,0.0,0.0,0.0,-130.62,0.12,0.73,
XPWP1,PAGE2,PAGE2,0|1,1,0.5,2,4|4,0.0,0.0,0.0,0.0,0.0,-19.42,0.12,0.73,
XPWP1,EIF5A,EIF5A,1|1,2,1.0,2,10|4,0.0,0.0,0.0,0.0,0.0,-28.93,0.14,0.73,
XPWP1,NONO,NONO,0|1,1,0.5,2,41|51,0.0,0.0,0.0,0.0,0.0,-207.28,0.01,0.73,
XPWP1,PC,PC,410|372,782,391.0,2,226|226,0.0,0.0,0.0,0.0,0.0,-267.03,1.73,0.72,
XPWP1,TUBB6,TUBB6,0|1,1,0.5,2,2|2,0.0,0.0,0.0,0.0,0.0,-10.75,0.25,0.73,
XPWP1,TUBB3,TUBB3,0|1,1,0.5,2,5|5,0.0,0.0,0.0,0.0,0.0,-23.81,0.1,0.73,
XPWP1,RPAP3,RPAP3,0|3,3,1.5,2,33|29,0.0,0.0,0.0,0.0,0.0,-139.91,0.05,0.73,
XPWP1,STK38,STK38,0|4,4,2.0,2,16|19,0.0,0.0,0.0,0.0,0.0,-79.46,0.11,0.73,
XPWP1,STAT3,STAT3,1|6,7,3.5,2,62|51,0.0,0.0,0.0,0.0,0.0,-249.0,0.06,0.73,
XPWP1,STAT1,STAT1,7|15,22,11.0,2,86|86,0.0,0.0,0.0,0.0,0.0,-354.41,0.13,0.73,
XPWP1,IGBP1,IGBP1,1|0,1,0.5,2,17|15,0.0,0.0,0.0,0.0,0.0,-72.74,0.03,0.73,
XPWP1,S100Z,S100Z,1|0,1,0.5,2,2|1,0.0,0.0,0.0,0.0,0.0,-8.76,0.33,0.73,
XPWP1,MAP4,MAP4,16|29,45,22.5,2,203|241,0.0,0.0,0.0,0.0,0.0,,0.1,0.73,
XPWP1,BCL9L,BCL9L,4|0,4,2.0,2,2|4,0.0,0.0,0.0,0.0,0.0,-15.06,0.67,0.66,
XPWP1,HSPB1,HSPB1,1|5,6,3.0,2,13|12,0.0,0.0,0.0,0.0,0.0,-53.2,0.24,0.73,
XPWP1,NUMB,NUMB,1|5,6,3.0,2,26|33,0.0,0.0,0.0,0.0,0.0,-128.41,0.1,0.73,
XPWP1,CKAP5,CKAP5,23|54,77,38.5,2,191|191,0.0,0.0,0.0,0.0,0.0,,0.2,0.73,
XPWP1,GSR,GSR,0|3,3,1.5,2,0|0,0.47,0.95,0.47,0.95,0.47,-3.52,15.0,0.23,
XPWP1,ERBB2IP,ERBB2IP,0|1,1,0.5,2,39|38,0.0,0.0,0.0,0.0,0.0,-173.56,0.01,0.73,
XPWP1,AFG3L2,AFG3L2,0|1,1,0.5,2,0|1,0.0,0.0,0.0,0.0,0.0,-4.96,1.0,0.73,
XPWP1,PTBP1,PTBP1,1|0,1,0.5,2,11|11,0.0,0.0,0.0,0.0,0.0,-50.43,0.05,0.73,
XPWP1,TDP2,TDP2,0|1,1,0.5,2,0|2,0.0,0.0,0.0,0.0,0.0,-6.31,0.5,0.73,
XPWP1,LDHA,LDHA,0|1,1,0.5,2,5|6,0.0,0.0,0.0,0.0,0.0,-26.05,0.09,0.73,
XPWP1,PPIP5K1,PPIP5K1,1|0,1,0.5,2,2|2,0.0,0.0,0.0,0.0,0.0,-10.75,0.25,0.73,
XPWP1,PABPC1,PABPC1,0|1,1,0.5,2,33|35,0.0,0.0,0.0,0.0,0.0,-153.37,0.01,0.73,
XPWP1,MACF1,MACF1,1|5,6,3.0,2,62|76,0.0,0.0,0.0,0.0,0.0,-304.81,0.04,0.73,
XPWP1,PCMT1,PCMT1,0|4,4,2.0,2,4|7,0.0,0.0,0.0,0.0,0.0,-26.05,0.36,0.73,
XPWP1,SLAIN2,SLAIN2,0|2,2,1.0,2,21|21,0.0,0.0,0.0,0.0,0.0,-95.11,0.05,0.73,
XPWP1,DCP1B,DCP1B,0|1,1,0.5,2,18|22,0.0,0.0,0.0,0.0,0.0,-90.63,0.03,0.73,
XPWP1,PREX1,PREX1,1|3,4,2.0,2,0|1,0.17,0.34,0.17,0.34,0.17,-3.35,4.0,0.41,
XPWP1,TUBA1C,TUBA1C,0|3,3,1.5,2,11|12,0.0,0.0,0.0,0.0,0.0,-52.67,0.13,0.73,
XPWP1,TUBA1B,TUBA1B,49|44,93,46.5,2,98|95,0.0,0.0,0.0,0.0,0.0,-296.14,0.48,0.73,
XPWP1,PPME1,PPME1,0|1,1,0.5,2,11|14,0.0,0.0,0.0,0.0,0.0,-57.13,0.04,0.73,
XPWP1,IFT74,IFT74,1|5,6,3.0,2,55|50,0.0,0.0,0.0,0.0,0.0,-231.04,0.06,0.73,
XPWP1,TAF7,TAF7,0|2,2,1.0,2,9|6,0.0,0.0,0.0,0.0,0.0,-34.89,0.13,0.73,
XPWP1,G6PD,G6PD,6|16,22,11.0,2,18|17,0.0,0.0,0.0,0.0,0.0,-60.4,0.63,0.73,
XPWP1,AAK1,AAK1,1|2,3,1.5,2,21|21,0.0,0.0,0.0,0.0,0.0,-90.66,0.07,0.73,
XPWP1,HNRNPU,HNRNPU,5|10,15,7.5,2,31|29,0.0,0.0,0.0,0.0,0.0,-116.18,0.25,0.73,
XPWP1,SNRPG,SNRPG,1|0,1,0.5,2,1|1,0.0,0.0,0.0,0.0,0.0,-6.55,0.5,0.73,
XPWP1,HNRNPK,HNRNPK,1|5,6,3.0,2,64|66,0.0,0.0,0.0,0.0,0.0,-286.97,0.05,0.73,
XPWP1,FASN,FASN,84|123,207,103.5,2,460|464,0.0,0.0,0.0,0.0,0.0,,0.22,0.73,
XPWP1,HNRNPM,HNRNPM,2|10,12,6.0,2,31|35,0.0,0.0,0.0,0.0,0.0,-139.77,0.18,0.73,
XPWP1,RPL27A,RPL27A,2|2,4,2.0,2,1|0,0.12,0.12,0.12,0.12,0.12,-2.02,4.0,0.45,
XPWP1,HNRNPF,HNRNPF,5|7,12,6.0,2,13|16,0.0,0.0,0.0,0.0,0.0,-50.42,0.41,0.73,
XPWP1,HDLBP,HDLBP,2|3,5,2.5,2,42|45,0.0,0.0,0.0,0.0,0.0,-186.34,0.06,0.73,
XPWP1,STAU1,STAU1,0|2,2,1.0,2,15|18,0.0,0.0,0.0,0.0,0.0,-74.99,0.06,0.73,
XPWP1,HSP90AA1,HSP90AA1,1|1,2,1.0,2,9|9,0.0,0.0,0.0,0.0,0.0,-37.92,0.11,0.73,
XPWP1,PLS3,PLS3,0|1,1,0.5,2,13|19,0.0,0.0,0.0,0.0,0.0,-72.79,0.03,0.73,
XPWP1,PDIA6,PDIA6,0|5,5,2.5,2,0|3,0.07,0.14,0.07,0.14,0.07,-8.48,1.67,0.5,
XPWP1,LUZP1,LUZP1,1|6,7,3.5,2,42|42,0.0,0.0,0.0,0.0,0.0,-184.12,0.08,0.73,
XPWP1,CFL1,CFL1,8|12,20,10.0,2,13|12,0.0,0.0,0.0,0.0,0.0,-36.2,0.8,0.73,
XPWP1,RCC2,RCC2,5|6,11,5.5,2,2|2,0.09,0.14,0.09,0.14,0.09,-3.07,2.75,0.49,
XPWP1,AARS,AARS,0|1,1,0.5,2,27|22,0.0,0.0,0.0,0.0,0.0,-110.79,0.02,0.73,
XPWP1,PDCD6IP,PDCD6IP,1|2,3,1.5,2,7|5,0.0,0.0,0.0,0.0,0.0,-25.03,0.25,0.73,
